{"Progress": 100, "_timestamp": 1670660644.014315, "Accuracy/ConvNet": 0.181, "Max_Accuracy/ConvNet": 0.181, "Std/ConvNet": 0.0, "Max_Std/ConvNet": 0.0, "Pixels": {"_type": "histogram", "values": [1, 0, 0, 3, 4, 8, 7, 17, 29, 34, 74, 119, 157, 278, 412, 621, 950, 1268, 1786, 2335, 3292, 4404, 5499, 6845, 8589, 10221, 12251, 13836, 15342, 17023, 17988, 18972, 18831, 18786, 18411, 17159, 15910, 14472, 12445, 10625, 8763, 7231, 5765, 4482, 3470, 2529, 1820, 1312, 874, 672, 455, 300, 214, 116, 78, 38, 34, 19, 6, 5, 5, 4, 2, 2], "bins": [-5.131641864776611, -4.9741597175598145, -4.816678047180176, -4.659195899963379, -4.50171422958374, -4.344232082366943, -4.186750411987305, -4.029268264770508, -3.87178635597229, -3.7143044471740723, -3.5568225383758545, -3.3993406295776367, -3.241858720779419, -3.084376811981201, -2.9268949031829834, -2.7694129943847656, -2.6119308471679688, -2.454448938369751, -2.296967029571533, -2.1394851207733154, -1.9820032119750977, -1.8245213031768799, -1.667039394378662, -1.5095574855804443, -1.3520755767822266, -1.1945935487747192, -1.0371116399765015, -0.8796297311782837, -0.7221478223800659, -0.5646658539772034, -0.4071839451789856, -0.24970200657844543, -0.09222006797790527, 0.06526186317205429, 0.22274379432201385, 0.3802257180213928, 0.5377076864242554, 0.6951895952224731, 0.8526715040206909, 1.0101534128189087, 1.167635440826416, 1.3251173496246338, 1.4825992584228516, 1.6400811672210693, 1.797563076019287, 1.9550449848175049, 2.1125268936157227, 2.2700088024139404, 2.427490711212158, 2.584972858428955, 2.742454767227173, 2.8999366760253906, 3.0574185848236084, 3.214900493621826, 3.372382402420044, 3.5298643112182617, 3.6873462200164795, 3.8448281288146973, 4.002310276031494, 4.159791946411133, 4.31727409362793, 4.474755764007568, 4.632237911224365, 4.789719581604004, 4.947201728820801]}, "Synthetic_Images": {"_type": "image-file", "sha256": "0f7cb59a6814bfb0745ddd627ad6c82f8c1d7c233ba796e69136c502e0d588cc", "size": 446259, "path": "media/images/Synthetic_Images_100_0f7cb59a6814bfb0745d.png", "format": "png", "width": 1302, "height": 1302}, "Synthetic_Pixels": {"_type": "histogram", "values": [1, 0, 0, 3, 4, 8, 7, 17, 29, 34, 74, 119, 157, 278, 412, 621, 950, 1268, 1786, 2335, 3292, 4404, 5499, 6845, 8589, 10221, 12251, 13836, 15342, 17023, 17988, 18972, 18831, 18786, 18411, 17159, 15910, 14472, 12445, 10625, 8763, 7231, 5765, 4482, 3470, 2529, 1820, 1312, 874, 672, 455, 300, 214, 116, 78, 38, 34, 19, 6, 5, 5, 4, 2, 2], "bins": [-5.131641864776611, -4.9741597175598145, -4.816678047180176, -4.659195899963379, -4.50171422958374, -4.344232082366943, -4.186750411987305, -4.029268264770508, -3.87178635597229, -3.7143044471740723, -3.5568225383758545, -3.3993406295776367, -3.241858720779419, -3.084376811981201, -2.9268949031829834, -2.7694129943847656, -2.6119308471679688, -2.454448938369751, -2.296967029571533, -2.1394851207733154, -1.9820032119750977, -1.8245213031768799, -1.667039394378662, -1.5095574855804443, -1.3520755767822266, -1.1945935487747192, -1.0371116399765015, -0.8796297311782837, -0.7221478223800659, -0.5646658539772034, -0.4071839451789856, -0.24970200657844543, -0.09222006797790527, 0.06526186317205429, 0.22274379432201385, 0.3802257180213928, 0.5377076864242554, 0.6951895952224731, 0.8526715040206909, 1.0101534128189087, 1.167635440826416, 1.3251173496246338, 1.4825992584228516, 1.6400811672210693, 1.797563076019287, 1.9550449848175049, 2.1125268936157227, 2.2700088024139404, 2.427490711212158, 2.584972858428955, 2.742454767227173, 2.8999366760253906, 3.0574185848236084, 3.214900493621826, 3.372382402420044, 3.5298643112182617, 3.6873462200164795, 3.8448281288146973, 4.002310276031494, 4.159791946411133, 4.31727409362793, 4.474755764007568, 4.632237911224365, 4.789719581604004, 4.947201728820801]}, "Clipped_Synthetic_Images/std_2.5": {"_type": "image-file", "sha256": "022a94074b815f054e0b90c2846c7bf5cc3f27308dc66a090c3dc5366d86c4db", "size": 458806, "path": "media/images/Clipped_Synthetic_Images/std_2.5_100_022a94074b815f054e0b.png", "format": "png", "width": 1302, "height": 1302}, "Reconstructed_Images": {"_type": "image-file", "sha256": "714482ea56e6773dd54be8c99581f47bb5a9d06df37a97754816579add1504ed", "size": 426891, "path": "media/images/Reconstructed_Images_100_714482ea56e6773dd54b.png", "format": "png", "width": 1302, "height": 1302}, "Reconstructed_Pixels": {"_type": "histogram", "values": [1, 1, 0, 1, 3, 7, 24, 21, 27, 55, 102, 132, 242, 319, 494, 657, 888, 1200, 1660, 2069, 2768, 3544, 4403, 5257, 6362, 7677, 9126, 10407, 11625, 12953, 13998, 15238, 16199, 16694, 17193, 16890, 16598, 15864, 15037, 13985, 12485, 11024, 9385, 7939, 6486, 5099, 4227, 3112, 2330, 1725, 1237, 873, 555, 385, 230, 147, 107, 58, 29, 23, 12, 7, 2, 2], "bins": [-2.2649149894714355, -2.1853792667388916, -2.1058433055877686, -2.0263075828552246, -1.9467717409133911, -1.8672358989715576, -1.7877001762390137, -1.7081643342971802, -1.6286284923553467, -1.5490926504135132, -1.4695568084716797, -1.3900210857391357, -1.3104852437973022, -1.2309494018554688, -1.1514136791229248, -1.0718778371810913, -0.9923419952392578, -0.9128061532974243, -0.8332703709602356, -0.7537345886230469, -0.6741987466812134, -0.5946629047393799, -0.5151271224021912, -0.43559131026268005, -0.35605549812316895, -0.27651968598365784, -0.19698387384414673, -0.11744806170463562, -0.03791224956512451, 0.0416235625743866, 0.1211593747138977, 0.2006951868534088, 0.2802309989929199, 0.35976681113243103, 0.43930262327194214, 0.5188384056091309, 0.5983742475509644, 0.6779100894927979, 0.7574458718299866, 0.8369816541671753, 0.9165174961090088, 0.9960533380508423, 1.0755891799926758, 1.1551249027252197, 1.2346607446670532, 1.3141965866088867, 1.3937323093414307, 1.4732681512832642, 1.5528039932250977, 1.6323398351669312, 1.7118756771087646, 1.7914113998413086, 1.870947241783142, 1.9504830837249756, 2.0300188064575195, 2.1095547676086426, 2.1890904903411865, 2.2686262130737305, 2.3481621742248535, 2.4276978969573975, 2.5072336196899414, 2.5867695808410645, 2.6663053035736084, 2.7458412647247314, 2.8253769874572754]}, "Clipped_Reconstructed_Images/std_2.5": {"_type": "image-file", "sha256": "e6bc0a30706d0b815da893a6e349740c57dba5bb123519aaefb5b1defff91174", "size": 437733, "path": "media/images/Clipped_Reconstructed_Images/std_2.5_100_e6bc0a30706d0b815da8.png", "format": "png", "width": 1302, "height": 1302}, "Synthetic_LR": 0.006928504444658756, "Grand_Loss": 0.9882137179374695, "Start_Epoch": 12, "_runtime": 127.68018698692322, "_step": 100, "_wandb": {"runtime": 127}}