{"Progress": 100, "_timestamp": 1670660299.4680917, "Accuracy/ConvNet": 0.2377, "Max_Accuracy/ConvNet": 0.2377, "Std/ConvNet": 0.0, "Max_Std/ConvNet": 0.0, "Pixels": {"_type": "histogram", "values": [2, 0, 1, 1, 0, 1, 1, 6, 6, 4, 10, 16, 21, 34, 76, 91, 123, 180, 267, 483, 646, 896, 1389, 2068, 2859, 3986, 5582, 7294, 9768, 12646, 16018, 19309, 22563, 25218, 27102, 27203, 25366, 22437, 18651, 14858, 11146, 8660, 6182, 4489, 3169, 2224, 1430, 902, 661, 408, 268, 189, 111, 65, 42, 30, 11, 16, 6, 7, 0, 1, 0, 1], "bins": [-2.5677404403686523, -2.493765115737915, -2.4197897911071777, -2.3458144664764404, -2.271839141845703, -2.197863817214966, -2.1238884925842285, -2.049913167953491, -1.975937843322754, -1.901962399482727, -1.8279870748519897, -1.7540117502212524, -1.6800364255905151, -1.6060611009597778, -1.5320857763290405, -1.4581104516983032, -1.384135127067566, -1.3101598024368286, -1.2361844778060913, -1.162209153175354, -1.0882338285446167, -1.0142585039138794, -0.9402831196784973, -0.86630779504776, -0.7923324704170227, -0.7183571457862854, -0.6443818211555481, -0.5704064965248108, -0.4964311420917511, -0.4224558174610138, -0.3484804630279541, -0.2745051383972168, -0.2005298137664795, -0.1265544891357422, -0.05257914960384369, 0.021396182477474213, 0.09537151455879211, 0.16934683918952942, 0.24332217872142792, 0.3172975182533264, 0.3912728428840637, 0.465248167514801, 0.5392234921455383, 0.6131988167762756, 0.6871742010116577, 0.761149525642395, 0.8351248502731323, 0.9091001749038696, 0.9830754995346069, 1.0570508241653442, 1.1310261487960815, 1.2050014734268188, 1.2789767980575562, 1.3529521226882935, 1.4269274473190308, 1.500902771949768, 1.574878215789795, 1.6488535404205322, 1.7228288650512695, 1.7968041896820068, 1.8707795143127441, 1.9447548389434814, 2.0187301635742188, 2.092705488204956, 2.1666808128356934]}, "Synthetic_Images": {"_type": "image-file", "sha256": "77877922491662ac78036710096e325f07b6fd254afbaf927c34c6ee43b6fc6c", "size": 410419, "path": "media/images/Synthetic_Images_100_77877922491662ac7803.png", "format": "png", "width": 1302, "height": 1302}, "Synthetic_Pixels": {"_type": "histogram", "values": [2, 0, 1, 1, 0, 1, 1, 6, 6, 4, 10, 16, 21, 34, 76, 91, 123, 180, 267, 483, 646, 896, 1389, 2068, 2859, 3986, 5582, 7294, 9768, 12646, 16018, 19309, 22563, 25218, 27102, 27203, 25366, 22437, 18651, 14858, 11146, 8660, 6182, 4489, 3169, 2224, 1430, 902, 661, 408, 268, 189, 111, 65, 42, 30, 11, 16, 6, 7, 0, 1, 0, 1], "bins": [-2.5677404403686523, -2.493765115737915, -2.4197897911071777, -2.3458144664764404, -2.271839141845703, -2.197863817214966, -2.1238884925842285, -2.049913167953491, -1.975937843322754, -1.901962399482727, -1.8279870748519897, -1.7540117502212524, -1.6800364255905151, -1.6060611009597778, -1.5320857763290405, -1.4581104516983032, -1.384135127067566, -1.3101598024368286, -1.2361844778060913, -1.162209153175354, -1.0882338285446167, -1.0142585039138794, -0.9402831196784973, -0.86630779504776, -0.7923324704170227, -0.7183571457862854, -0.6443818211555481, -0.5704064965248108, -0.4964311420917511, -0.4224558174610138, -0.3484804630279541, -0.2745051383972168, -0.2005298137664795, -0.1265544891357422, -0.05257914960384369, 0.021396182477474213, 0.09537151455879211, 0.16934683918952942, 0.24332217872142792, 0.3172975182533264, 0.3912728428840637, 0.465248167514801, 0.5392234921455383, 0.6131988167762756, 0.6871742010116577, 0.761149525642395, 0.8351248502731323, 0.9091001749038696, 0.9830754995346069, 1.0570508241653442, 1.1310261487960815, 1.2050014734268188, 1.2789767980575562, 1.3529521226882935, 1.4269274473190308, 1.500902771949768, 1.574878215789795, 1.6488535404205322, 1.7228288650512695, 1.7968041896820068, 1.8707795143127441, 1.9447548389434814, 2.0187301635742188, 2.092705488204956, 2.1666808128356934]}, "Clipped_Synthetic_Images/std_2.5": {"_type": "image-file", "sha256": "3b0465ba294a37f4f1cb0b09e4729bc2ede358127b832dc2860f02074ad9dfb2", "size": 432800, "path": "media/images/Clipped_Synthetic_Images/std_2.5_100_3b0465ba294a37f4f1cb.png", "format": "png", "width": 1302, "height": 1302}, "Reconstructed_Images": {"_type": "image-file", "sha256": "cde716c1ea52e1afbf9b8572c99004f1863c7602f1170e96116efad17b0ba534", "size": 382424, "path": "media/images/Reconstructed_Images_100_cde716c1ea52e1afbf9b.png", "format": "png", "width": 1302, "height": 1302}, "Reconstructed_Pixels": {"_type": "histogram", "values": [1, 4, 6, 16, 27, 30, 43, 48, 69, 155, 212, 284, 403, 501, 823, 1164, 1627, 2162, 2999, 3912, 4958, 6188, 7445, 8862, 9919, 10992, 12119, 12719, 13181, 13931, 14330, 14390, 14687, 14543, 14191, 13645, 12965, 12441, 11690, 10483, 9657, 8286, 7256, 6286, 5487, 5098, 4293, 3437, 2699, 2054, 1485, 1048, 753, 478, 296, 151, 103, 59, 43, 19, 25, 13, 8, 1], "bins": [-0.9483662843704224, -0.9049239158630371, -0.8614815473556519, -0.8180391788482666, -0.7745968103408813, -0.7311544418334961, -0.6877120733261108, -0.6442697048187256, -0.6008273363113403, -0.5573849678039551, -0.5139425992965698, -0.47050026059150696, -0.4270578920841217, -0.38361552357673645, -0.3401731550693512, -0.29673078656196594, -0.2532884180545807, -0.20984604954719543, -0.16640368103981018, -0.12296131998300552, -0.07951895147562027, -0.036076582968235016, 0.00736578181385994, 0.050808146595954895, 0.09425051510334015, 0.1376928836107254, 0.18113525211811066, 0.2245776206254959, 0.26801997423171997, 0.3114623427391052, 0.3549047112464905, 0.39834707975387573, 0.441789448261261, 0.48523181676864624, 0.5286741852760315, 0.5721165537834167, 0.615558922290802, 0.6590012907981873, 0.7024436593055725, 0.7458860278129578, 0.789328396320343, 0.8327707648277283, 0.8762131333351135, 0.9196555018424988, 0.963097870349884, 1.0065401792526245, 1.0499825477600098, 1.093424916267395, 1.1368672847747803, 1.1803096532821655, 1.2237520217895508, 1.267194390296936, 1.3106367588043213, 1.3540791273117065, 1.3975214958190918, 1.440963864326477, 1.4844062328338623, 1.5278486013412476, 1.5712909698486328, 1.614733338356018, 1.6581757068634033, 1.7016180753707886, 1.7450604438781738, 1.788502812385559, 1.8319451808929443]}, "Clipped_Reconstructed_Images/std_2.5": {"_type": "image-file", "sha256": "67cee68cce6fd97dbbfc1d3d4deec619e9024924ec09b96518ac42d1e140d881", "size": 385550, "path": "media/images/Clipped_Reconstructed_Images/std_2.5_100_67cee68cce6fd97dbbfc.png", "format": "png", "width": 1302, "height": 1302}, "Synthetic_LR": 0.013289032503962517, "Grand_Loss": 0.8319754004478455, "Start_Epoch": 5, "_runtime": 131.17555570602417, "_step": 100, "_wandb": {"runtime": 130}}